<?xml version="1.0" encoding="UTF-8"?>
<project-private xmlns="http://www.netbeans.org/ns/project-private/1">
    <editor-bookmarks xmlns="http://www.netbeans.org/ns/editor-bookmarks/2" lastBookmarkId="0"/>
    <open-files xmlns="http://www.netbeans.org/ns/projectui-open-files/2">
        <group>
            <file>file:/C:/Users/USUARIO/Documents/Mis%20archivos/Sena/Codificacion%20Stand_alone/sistema/src/sistema/empleadosBL/empleadosBL.java</file>
            <file>file:/C:/Users/USUARIO/Documents/Mis%20archivos/Sena/Codificacion%20Stand_alone/sistema/src/sistema/Sistema.java</file>
            <file>file:/C:/Users/USUARIO/Documents/Mis%20archivos/Sena/Codificacion%20Stand_alone/sistema/src/sistema/empleadosDAL/conexion.java</file>
            <file>file:/C:/Users/USUARIO/Documents/Mis%20archivos/Sena/Codificacion%20Stand_alone/sistema/src/sistema/frmEmpleados.java</file>
        </group>
    </open-files>
</project-private>
